<?xml version="1.0" encoding="UTF-8"?>
<GenRun Id="synth_1" LaunchPart="xc7a100tcsg324-1" LaunchTime="1606969310">
  <File Type="PA-TCL" Name="top.tcl"/>
  <File Type="REPORTS-TCL" Name="top_reports.tcl"/>
  <File Type="RDS-RDS" Name="top.vds"/>
  <File Type="RDS-UTIL" Name="top_utilization_synth.rpt"/>
  <File Type="RDS-UTIL-PB" Name="top_utilization_synth.pb"/>
  <File Type="RDS-DCP" Name="top.dcp"/>
  <FileSet Name="sources" Type="DesignSrcs" RelSrcDir="$PSRCDIR/sources_1">
    <Filter Type="Srcs"/>
    <File Path="$PSRCDIR/sources_1/imports/new/ALU.v">
      <FileInfo>
        <Attr Name="ImportPath" Val="$PPRDIR/../../体系结构/实验1 动态分支预测/lab3_monocyclic_cpu/lab3_monocyclic_cpu.srcs/sources_1/imports/new/ALU.v"/>
        <Attr Name="ImportTime" Val="1591104713"/>
        <Attr Name="UsedIn" Val="synthesis"/>
        <Attr Name="UsedIn" Val="implementation"/>
        <Attr Name="UsedIn" Val="simulation"/>
      </FileInfo>
    </File>
    <File Path="$PSRCDIR/sources_1/imports/new/add_32.v">
      <FileInfo>
        <Attr Name="ImportPath" Val="$PPRDIR/../../体系结构/实验1 动态分支预测/lab3_monocyclic_cpu/lab3_monocyclic_cpu.srcs/sources_1/new/add_32.v"/>
        <Attr Name="ImportTime" Val="1588953017"/>
        <Attr Name="UsedIn" Val="synthesis"/>
        <Attr Name="UsedIn" Val="implementation"/>
        <Attr Name="UsedIn" Val="simulation"/>
      </FileInfo>
    </File>
    <File Path="$PSRCDIR/sources_1/imports/new/alu_decoder.v">
      <FileInfo>
        <Attr Name="ImportPath" Val="$PPRDIR/../../体系结构/实验1 动态分支预测/lab2_controller/lab2_controller.srcs/sources_1/new/alu_decoder.v"/>
        <Attr Name="ImportTime" Val="1588836969"/>
        <Attr Name="UsedIn" Val="synthesis"/>
        <Attr Name="UsedIn" Val="implementation"/>
        <Attr Name="UsedIn" Val="simulation"/>
      </FileInfo>
    </File>
    <File Path="$PSRCDIR/sources_1/imports/new/controller.v">
      <FileInfo>
        <Attr Name="ImportPath" Val="$PPRDIR/../../体系结构/实验1 动态分支预测/lab2_controller/lab2_controller.srcs/sources_1/new/controller.v"/>
        <Attr Name="ImportTime" Val="1588837010"/>
        <Attr Name="UsedIn" Val="synthesis"/>
        <Attr Name="UsedIn" Val="implementation"/>
        <Attr Name="UsedIn" Val="simulation"/>
      </FileInfo>
    </File>
    <File Path="$PSRCDIR/sources_1/imports/new/dataPath.v">
      <FileInfo>
        <Attr Name="ImportPath" Val="$PPRDIR/../../体系结构/实验1 动态分支预测/lab3_monocyclic_cpu/lab3_monocyclic_cpu.srcs/sources_1/new/dataPath.v"/>
        <Attr Name="ImportTime" Val="1591101992"/>
        <Attr Name="UsedIn" Val="synthesis"/>
        <Attr Name="UsedIn" Val="implementation"/>
        <Attr Name="UsedIn" Val="simulation"/>
      </FileInfo>
    </File>
    <File Path="$PSRCDIR/sources_1/new/eqcmp.v">
      <FileInfo>
        <Attr Name="ImportPath" Val="$PPRDIR/../../体系结构/实验1 动态分支预测/lab4_pipeline_process/lab4_pipeline_process.srcs/sources_1/new/eqcmp.v"/>
        <Attr Name="ImportTime" Val="1591527505"/>
        <Attr Name="UsedIn" Val="synthesis"/>
        <Attr Name="UsedIn" Val="implementation"/>
        <Attr Name="UsedIn" Val="simulation"/>
      </FileInfo>
    </File>
    <File Path="$PSRCDIR/sources_1/new/flopenr.v">
      <FileInfo>
        <Attr Name="ImportPath" Val="$PPRDIR/../../体系结构/实验1 动态分支预测/lab4_pipeline_process/lab4_pipeline_process.srcs/sources_1/new/flopenr.v"/>
        <Attr Name="ImportTime" Val="1591528494"/>
        <Attr Name="UsedIn" Val="synthesis"/>
        <Attr Name="UsedIn" Val="implementation"/>
        <Attr Name="UsedIn" Val="simulation"/>
      </FileInfo>
    </File>
    <File Path="$PSRCDIR/sources_1/new/flopr.v">
      <FileInfo>
        <Attr Name="ImportPath" Val="$PPRDIR/../../体系结构/实验1 动态分支预测/lab4_pipeline_process/lab4_pipeline_process.srcs/sources_1/new/flopr.v"/>
        <Attr Name="ImportTime" Val="1591633011"/>
        <Attr Name="UsedIn" Val="synthesis"/>
        <Attr Name="UsedIn" Val="implementation"/>
        <Attr Name="UsedIn" Val="simulation"/>
      </FileInfo>
    </File>
    <File Path="$PSRCDIR/sources_1/new/floprc.v">
      <FileInfo>
        <Attr Name="ImportPath" Val="$PPRDIR/../../体系结构/实验1 动态分支预测/lab4_pipeline_process/lab4_pipeline_process.srcs/sources_1/new/floprc.v"/>
        <Attr Name="ImportTime" Val="1591638693"/>
        <Attr Name="UsedIn" Val="synthesis"/>
        <Attr Name="UsedIn" Val="implementation"/>
        <Attr Name="UsedIn" Val="simulation"/>
      </FileInfo>
    </File>
    <File Path="$PSRCDIR/sources_1/new/hazard.v">
      <FileInfo>
        <Attr Name="ImportPath" Val="$PPRDIR/../../体系结构/实验1 动态分支预测/lab4_pipeline_process/lab4_pipeline_process.srcs/sources_1/new/hazard.v"/>
        <Attr Name="ImportTime" Val="1591718705"/>
        <Attr Name="UsedIn" Val="synthesis"/>
        <Attr Name="UsedIn" Val="implementation"/>
        <Attr Name="UsedIn" Val="simulation"/>
      </FileInfo>
    </File>
    <File Path="$PSRCDIR/sources_1/imports/new/main_decoder.v">
      <FileInfo>
        <Attr Name="ImportPath" Val="$PPRDIR/../../体系结构/实验1 动态分支预测/lab2_controller/lab2_controller.srcs/sources_1/new/main_decoder.v"/>
        <Attr Name="ImportTime" Val="1591107549"/>
        <Attr Name="UsedIn" Val="synthesis"/>
        <Attr Name="UsedIn" Val="implementation"/>
        <Attr Name="UsedIn" Val="simulation"/>
      </FileInfo>
    </File>
    <File Path="$PSRCDIR/sources_1/imports/new/mips.v">
      <FileInfo>
        <Attr Name="ImportPath" Val="$PPRDIR/../../体系结构/实验1 动态分支预测/lab3_monocyclic_cpu/lab3_monocyclic_cpu.srcs/sources_1/new/mips.v"/>
        <Attr Name="ImportTime" Val="1591097857"/>
        <Attr Name="UsedIn" Val="synthesis"/>
        <Attr Name="UsedIn" Val="implementation"/>
        <Attr Name="UsedIn" Val="simulation"/>
      </FileInfo>
    </File>
    <File Path="$PSRCDIR/sources_1/imports/new/mux2to1.v">
      <FileInfo>
        <Attr Name="ImportPath" Val="$PPRDIR/../../体系结构/实验1 动态分支预测/lab3_monocyclic_cpu/lab3_monocyclic_cpu.srcs/sources_1/new/mux2to1.v"/>
        <Attr Name="ImportTime" Val="1591097127"/>
        <Attr Name="UsedIn" Val="synthesis"/>
        <Attr Name="UsedIn" Val="implementation"/>
        <Attr Name="UsedIn" Val="simulation"/>
      </FileInfo>
    </File>
    <File Path="$PSRCDIR/sources_1/new/mux3to1.v">
      <FileInfo>
        <Attr Name="ImportPath" Val="$PPRDIR/../../体系结构/实验1 动态分支预测/lab4_pipeline_process/lab4_pipeline_process.srcs/sources_1/new/mux3to1.v"/>
        <Attr Name="ImportTime" Val="1591515533"/>
        <Attr Name="UsedIn" Val="synthesis"/>
        <Attr Name="UsedIn" Val="implementation"/>
        <Attr Name="UsedIn" Val="simulation"/>
      </FileInfo>
    </File>
    <File Path="$PSRCDIR/sources_1/imports/new/regfile.v">
      <FileInfo>
        <Attr Name="ImportPath" Val="$PPRDIR/../../体系结构/实验1 动态分支预测/lab3_monocyclic_cpu/lab3_monocyclic_cpu.srcs/sources_1/new/regfile.v"/>
        <Attr Name="ImportTime" Val="1588954173"/>
        <Attr Name="UsedIn" Val="synthesis"/>
        <Attr Name="UsedIn" Val="implementation"/>
        <Attr Name="UsedIn" Val="simulation"/>
      </FileInfo>
    </File>
    <File Path="$PSRCDIR/sources_1/imports/new/signext.v">
      <FileInfo>
        <Attr Name="ImportPath" Val="$PPRDIR/../../体系结构/实验1 动态分支预测/lab3_monocyclic_cpu/lab3_monocyclic_cpu.srcs/sources_1/new/signext.v"/>
        <Attr Name="ImportTime" Val="1588953207"/>
        <Attr Name="UsedIn" Val="synthesis"/>
        <Attr Name="UsedIn" Val="implementation"/>
        <Attr Name="UsedIn" Val="simulation"/>
      </FileInfo>
    </File>
    <File Path="$PSRCDIR/sources_1/imports/new/sl2.v">
      <FileInfo>
        <Attr Name="ImportPath" Val="$PPRDIR/../../体系结构/实验1 动态分支预测/lab3_monocyclic_cpu/lab3_monocyclic_cpu.srcs/sources_1/new/sl2.v"/>
        <Attr Name="ImportTime" Val="1588953594"/>
        <Attr Name="UsedIn" Val="synthesis"/>
        <Attr Name="UsedIn" Val="implementation"/>
        <Attr Name="UsedIn" Val="simulation"/>
      </FileInfo>
    </File>
    <File Path="$PSRCDIR/sources_1/imports/new/top.v">
      <FileInfo>
        <Attr Name="ImportPath" Val="$PPRDIR/../../体系结构/实验1 动态分支预测/lab3_monocyclic_cpu/lab3_monocyclic_cpu.srcs/sources_1/new/top.v"/>
        <Attr Name="ImportTime" Val="1591101164"/>
        <Attr Name="UsedIn" Val="synthesis"/>
        <Attr Name="UsedIn" Val="implementation"/>
        <Attr Name="UsedIn" Val="simulation"/>
      </FileInfo>
    </File>
    <File Path="$PSRCDIR/sources_1/imports/new/pc.v">
      <FileInfo>
        <Attr Name="AutoDisabled" Val="1"/>
        <Attr Name="ImportPath" Val="$PPRDIR/../../体系结构/实验1 动态分支预测/lab2_controller/lab2_controller.srcs/sources_1/new/pc.v"/>
        <Attr Name="ImportTime" Val="1588991284"/>
        <Attr Name="UsedIn" Val="synthesis"/>
        <Attr Name="UsedIn" Val="implementation"/>
        <Attr Name="UsedIn" Val="simulation"/>
      </FileInfo>
    </File>
    <File Path="$PSRCDIR/sources_1/imports/new/divider.v">
      <FileInfo>
        <Attr Name="AutoDisabled" Val="1"/>
        <Attr Name="ImportPath" Val="$PPRDIR/../../体系结构/实验1 动态分支预测/lab3_monocyclic_cpu/lab3_monocyclic_cpu.srcs/sources_1/new/divider.v"/>
        <Attr Name="ImportTime" Val="1591104354"/>
        <Attr Name="UsedIn" Val="synthesis"/>
        <Attr Name="UsedIn" Val="implementation"/>
        <Attr Name="UsedIn" Val="simulation"/>
      </FileInfo>
    </File>
    <File Path="$PPRDIR/../../体系结构/实验1 动态分支预测/lab4_pipeline_process/mipstest.coe">
      <FileInfo>
        <Attr Name="UsedIn" Val="synthesis"/>
        <Attr Name="UsedIn" Val="simulation"/>
      </FileInfo>
    </File>
    <File Path="$PSRCDIR/sources_1/new/flopenrc.v">
      <FileInfo>
        <Attr Name="AutoDisabled" Val="1"/>
        <Attr Name="ImportPath" Val="$PPRDIR/../../体系结构/实验1 动态分支预测/lab4_pipeline_process/lab4_pipeline_process.srcs/sources_1/new/flopenrc.v"/>
        <Attr Name="ImportTime" Val="1591116682"/>
        <Attr Name="UsedIn" Val="synthesis"/>
        <Attr Name="UsedIn" Val="implementation"/>
        <Attr Name="UsedIn" Val="simulation"/>
      </FileInfo>
    </File>
    <File Path="$PPRDIR/mipstest.coe">
      <FileInfo>
        <Attr Name="UsedIn" Val="synthesis"/>
        <Attr Name="UsedIn" Val="simulation"/>
      </FileInfo>
    </File>
    <Config>
      <Option Name="DesignMode" Val="RTL"/>
      <Option Name="TopModule" Val="top"/>
      <Option Name="TopAutoSet" Val="TRUE"/>
    </Config>
  </FileSet>
  <FileSet Name="constrs_in" Type="Constrs" RelSrcDir="$PSRCDIR/constrs_1">
    <Filter Type="Constrs"/>
    <Config>
      <Option Name="ConstrsType" Val="XDC"/>
    </Config>
  </FileSet>
  <FileSet Name="utils" Type="Utils" RelSrcDir="$PSRCDIR/utils_1">
    <Filter Type="Utils"/>
    <Config>
      <Option Name="TopAutoSet" Val="TRUE"/>
    </Config>
  </FileSet>
  <Strategy Version="1" Minor="2">
    <StratHandle Name="Vivado Synthesis Defaults" Flow="Vivado Synthesis 2019"/>
    <Step Id="synth_design"/>
  </Strategy>
  <BlockFileSet Type="BlockSrcs" Name="data_ram"/>
  <BlockFileSet Type="BlockSrcs" Name="instr_ram"/>
</GenRun>
