<?xml version="1.0" encoding="UTF-8"?>
<GenRun Id="impl_1" LaunchPart="xc7a100tcsg324-1" LaunchTime="1606969499">
  <File Type="BITSTR-BMM" Name="top_bd.bmm"/>
  <File Type="ROUTE-PWR" Name="top_power_routed.rpt"/>
  <File Type="PA-TCL" Name="top.tcl"/>
  <File Type="OPT-DCP" Name="top_opt.dcp"/>
  <File Type="ROUTE-PWR-SUM" Name="top_power_summary_routed.pb"/>
  <File Type="REPORTS-TCL" Name="top_reports.tcl"/>
  <File Type="OPT-DRC" Name="top_drc_opted.rpt"/>
  <File Type="OPT-HWDEF" Name="top.hwdef"/>
  <File Type="PWROPT-DCP" Name="top_pwropt.dcp"/>
  <File Type="PLACE-DCP" Name="top_placed.dcp"/>
  <File Type="PLACE-IO" Name="top_io_placed.rpt"/>
  <File Type="PLACE-UTIL" Name="top_utilization_placed.rpt"/>
  <File Type="PLACE-UTIL-PB" Name="top_utilization_placed.pb"/>
  <File Type="PLACE-CTRL" Name="top_control_sets_placed.rpt"/>
  <File Type="PLACE-PRE-SIMILARITY" Name="top_incremental_reuse_pre_placed.rpt"/>
  <File Type="BG-BGN" Name="top.bgn"/>
  <File Type="POSTPLACE-PWROPT-DCP" Name="top_postplace_pwropt.dcp"/>
  <File Type="BG-BIN" Name="top.bin"/>
  <File Type="PHYSOPT-DCP" Name="top_physopt.dcp"/>
  <File Type="BITSTR-MSK" Name="top.msk"/>
  <File Type="ROUTE-ERROR-DCP" Name="top_routed_error.dcp"/>
  <File Type="ROUTE-DCP" Name="top_routed.dcp"/>
  <File Type="ROUTE-BLACKBOX-DCP" Name="top_routed_bb.dcp"/>
  <File Type="ROUTE-DRC" Name="top_drc_routed.rpt"/>
  <File Type="ROUTE-DRC-PB" Name="top_drc_routed.pb"/>
  <File Type="BITSTR-LTX" Name="top.ltx"/>
  <File Type="ROUTE-DRC-RPX" Name="top_drc_routed.rpx"/>
  <File Type="BITSTR-MMI" Name="top.mmi"/>
  <File Type="ROUTE-METHODOLOGY-DRC" Name="top_methodology_drc_routed.rpt"/>
  <File Type="ROUTE-METHODOLOGY-DRC-RPX" Name="top_methodology_drc_routed.rpx"/>
  <File Type="BITSTR-SYSDEF" Name="top.sysdef"/>
  <File Type="ROUTE-METHODOLOGY-DRC-PB" Name="top_methodology_drc_routed.pb"/>
  <File Type="ROUTE-PWR-RPX" Name="top_power_routed.rpx"/>
  <File Type="ROUTE-STATUS" Name="top_route_status.rpt"/>
  <File Type="ROUTE-STATUS-PB" Name="top_route_status.pb"/>
  <File Type="ROUTE-TIMINGSUMMARY" Name="top_timing_summary_routed.rpt"/>
  <File Type="ROUTE-TIMING-PB" Name="top_timing_summary_routed.pb"/>
  <File Type="ROUTE-TIMING-RPX" Name="top_timing_summary_routed.rpx"/>
  <File Type="RDI-RDI" Name="top.vdi"/>
  <File Type="ROUTE-CLK" Name="top_clock_utilization_routed.rpt"/>
  <File Type="ROUTE-BUS-SKEW" Name="top_bus_skew_routed.rpt"/>
  <File Type="ROUTE-BUS-SKEW-PB" Name="top_bus_skew_routed.pb"/>
  <File Type="ROUTE-BUS-SKEW-RPX" Name="top_bus_skew_routed.rpx"/>
  <File Type="POSTROUTE-PHYSOPT-DCP" Name="top_postroute_physopt.dcp"/>
  <File Type="POSTROUTE-PHYSOPT-BLACKBOX-DCP" Name="top_postroute_physopt_bb.dcp"/>
  <File Type="BG-BIT" Name="top.bit"/>
  <File Type="BITSTR-RBT" Name="top.rbt"/>
  <File Type="BITSTR-NKY" Name="top.nky"/>
  <File Type="BG-DRC" Name="top.drc"/>
  <File Type="WBT-USG" Name="usage_statistics_webtalk.html"/>
  <FileSet Name="sources" Type="DesignSrcs" RelSrcDir="$PSRCDIR/sources_1">
    <Filter Type="Srcs"/>
    <File Path="$PSRCDIR/sources_1/imports/new/ALU.v">
      <FileInfo>
        <Attr Name="ImportPath" Val="$PPRDIR/../../体系结构/实验1 动态分支预测/lab3_monocyclic_cpu/lab3_monocyclic_cpu.srcs/sources_1/imports/new/ALU.v"/>
        <Attr Name="ImportTime" Val="1591104713"/>
        <Attr Name="UsedIn" Val="synthesis"/>
        <Attr Name="UsedIn" Val="implementation"/>
        <Attr Name="UsedIn" Val="simulation"/>
      </FileInfo>
    </File>
    <File Path="$PSRCDIR/sources_1/imports/new/add_32.v">
      <FileInfo>
        <Attr Name="ImportPath" Val="$PPRDIR/../../体系结构/实验1 动态分支预测/lab3_monocyclic_cpu/lab3_monocyclic_cpu.srcs/sources_1/new/add_32.v"/>
        <Attr Name="ImportTime" Val="1588953017"/>
        <Attr Name="UsedIn" Val="synthesis"/>
        <Attr Name="UsedIn" Val="implementation"/>
        <Attr Name="UsedIn" Val="simulation"/>
      </FileInfo>
    </File>
    <File Path="$PSRCDIR/sources_1/imports/new/alu_decoder.v">
      <FileInfo>
        <Attr Name="ImportPath" Val="$PPRDIR/../../体系结构/实验1 动态分支预测/lab2_controller/lab2_controller.srcs/sources_1/new/alu_decoder.v"/>
        <Attr Name="ImportTime" Val="1588836969"/>
        <Attr Name="UsedIn" Val="synthesis"/>
        <Attr Name="UsedIn" Val="implementation"/>
        <Attr Name="UsedIn" Val="simulation"/>
      </FileInfo>
    </File>
    <File Path="$PSRCDIR/sources_1/imports/new/controller.v">
      <FileInfo>
        <Attr Name="ImportPath" Val="$PPRDIR/../../体系结构/实验1 动态分支预测/lab2_controller/lab2_controller.srcs/sources_1/new/controller.v"/>
        <Attr Name="ImportTime" Val="1588837010"/>
        <Attr Name="UsedIn" Val="synthesis"/>
        <Attr Name="UsedIn" Val="implementation"/>
        <Attr Name="UsedIn" Val="simulation"/>
      </FileInfo>
    </File>
    <File Path="$PSRCDIR/sources_1/imports/new/dataPath.v">
      <FileInfo>
        <Attr Name="ImportPath" Val="$PPRDIR/../../体系结构/实验1 动态分支预测/lab3_monocyclic_cpu/lab3_monocyclic_cpu.srcs/sources_1/new/dataPath.v"/>
        <Attr Name="ImportTime" Val="1591101992"/>
        <Attr Name="UsedIn" Val="synthesis"/>
        <Attr Name="UsedIn" Val="implementation"/>
        <Attr Name="UsedIn" Val="simulation"/>
      </FileInfo>
    </File>
    <File Path="$PSRCDIR/sources_1/new/eqcmp.v">
      <FileInfo>
        <Attr Name="ImportPath" Val="$PPRDIR/../../体系结构/实验1 动态分支预测/lab4_pipeline_process/lab4_pipeline_process.srcs/sources_1/new/eqcmp.v"/>
        <Attr Name="ImportTime" Val="1591527505"/>
        <Attr Name="UsedIn" Val="synthesis"/>
        <Attr Name="UsedIn" Val="implementation"/>
        <Attr Name="UsedIn" Val="simulation"/>
      </FileInfo>
    </File>
    <File Path="$PSRCDIR/sources_1/new/flopenr.v">
      <FileInfo>
        <Attr Name="ImportPath" Val="$PPRDIR/../../体系结构/实验1 动态分支预测/lab4_pipeline_process/lab4_pipeline_process.srcs/sources_1/new/flopenr.v"/>
        <Attr Name="ImportTime" Val="1591528494"/>
        <Attr Name="UsedIn" Val="synthesis"/>
        <Attr Name="UsedIn" Val="implementation"/>
        <Attr Name="UsedIn" Val="simulation"/>
      </FileInfo>
    </File>
    <File Path="$PSRCDIR/sources_1/new/flopr.v">
      <FileInfo>
        <Attr Name="ImportPath" Val="$PPRDIR/../../体系结构/实验1 动态分支预测/lab4_pipeline_process/lab4_pipeline_process.srcs/sources_1/new/flopr.v"/>
        <Attr Name="ImportTime" Val="1591633011"/>
        <Attr Name="UsedIn" Val="synthesis"/>
        <Attr Name="UsedIn" Val="implementation"/>
        <Attr Name="UsedIn" Val="simulation"/>
      </FileInfo>
    </File>
    <File Path="$PSRCDIR/sources_1/new/floprc.v">
      <FileInfo>
        <Attr Name="ImportPath" Val="$PPRDIR/../../体系结构/实验1 动态分支预测/lab4_pipeline_process/lab4_pipeline_process.srcs/sources_1/new/floprc.v"/>
        <Attr Name="ImportTime" Val="1591638693"/>
        <Attr Name="UsedIn" Val="synthesis"/>
        <Attr Name="UsedIn" Val="implementation"/>
        <Attr Name="UsedIn" Val="simulation"/>
      </FileInfo>
    </File>
    <File Path="$PSRCDIR/sources_1/new/hazard.v">
      <FileInfo>
        <Attr Name="ImportPath" Val="$PPRDIR/../../体系结构/实验1 动态分支预测/lab4_pipeline_process/lab4_pipeline_process.srcs/sources_1/new/hazard.v"/>
        <Attr Name="ImportTime" Val="1591718705"/>
        <Attr Name="UsedIn" Val="synthesis"/>
        <Attr Name="UsedIn" Val="implementation"/>
        <Attr Name="UsedIn" Val="simulation"/>
      </FileInfo>
    </File>
    <File Path="$PSRCDIR/sources_1/imports/new/main_decoder.v">
      <FileInfo>
        <Attr Name="ImportPath" Val="$PPRDIR/../../体系结构/实验1 动态分支预测/lab2_controller/lab2_controller.srcs/sources_1/new/main_decoder.v"/>
        <Attr Name="ImportTime" Val="1591107549"/>
        <Attr Name="UsedIn" Val="synthesis"/>
        <Attr Name="UsedIn" Val="implementation"/>
        <Attr Name="UsedIn" Val="simulation"/>
      </FileInfo>
    </File>
    <File Path="$PSRCDIR/sources_1/imports/new/mips.v">
      <FileInfo>
        <Attr Name="ImportPath" Val="$PPRDIR/../../体系结构/实验1 动态分支预测/lab3_monocyclic_cpu/lab3_monocyclic_cpu.srcs/sources_1/new/mips.v"/>
        <Attr Name="ImportTime" Val="1591097857"/>
        <Attr Name="UsedIn" Val="synthesis"/>
        <Attr Name="UsedIn" Val="implementation"/>
        <Attr Name="UsedIn" Val="simulation"/>
      </FileInfo>
    </File>
    <File Path="$PSRCDIR/sources_1/imports/new/mux2to1.v">
      <FileInfo>
        <Attr Name="ImportPath" Val="$PPRDIR/../../体系结构/实验1 动态分支预测/lab3_monocyclic_cpu/lab3_monocyclic_cpu.srcs/sources_1/new/mux2to1.v"/>
        <Attr Name="ImportTime" Val="1591097127"/>
        <Attr Name="UsedIn" Val="synthesis"/>
        <Attr Name="UsedIn" Val="implementation"/>
        <Attr Name="UsedIn" Val="simulation"/>
      </FileInfo>
    </File>
    <File Path="$PSRCDIR/sources_1/new/mux3to1.v">
      <FileInfo>
        <Attr Name="ImportPath" Val="$PPRDIR/../../体系结构/实验1 动态分支预测/lab4_pipeline_process/lab4_pipeline_process.srcs/sources_1/new/mux3to1.v"/>
        <Attr Name="ImportTime" Val="1591515533"/>
        <Attr Name="UsedIn" Val="synthesis"/>
        <Attr Name="UsedIn" Val="implementation"/>
        <Attr Name="UsedIn" Val="simulation"/>
      </FileInfo>
    </File>
    <File Path="$PSRCDIR/sources_1/imports/new/regfile.v">
      <FileInfo>
        <Attr Name="ImportPath" Val="$PPRDIR/../../体系结构/实验1 动态分支预测/lab3_monocyclic_cpu/lab3_monocyclic_cpu.srcs/sources_1/new/regfile.v"/>
        <Attr Name="ImportTime" Val="1588954173"/>
        <Attr Name="UsedIn" Val="synthesis"/>
        <Attr Name="UsedIn" Val="implementation"/>
        <Attr Name="UsedIn" Val="simulation"/>
      </FileInfo>
    </File>
    <File Path="$PSRCDIR/sources_1/imports/new/signext.v">
      <FileInfo>
        <Attr Name="ImportPath" Val="$PPRDIR/../../体系结构/实验1 动态分支预测/lab3_monocyclic_cpu/lab3_monocyclic_cpu.srcs/sources_1/new/signext.v"/>
        <Attr Name="ImportTime" Val="1588953207"/>
        <Attr Name="UsedIn" Val="synthesis"/>
        <Attr Name="UsedIn" Val="implementation"/>
        <Attr Name="UsedIn" Val="simulation"/>
      </FileInfo>
    </File>
    <File Path="$PSRCDIR/sources_1/imports/new/sl2.v">
      <FileInfo>
        <Attr Name="ImportPath" Val="$PPRDIR/../../体系结构/实验1 动态分支预测/lab3_monocyclic_cpu/lab3_monocyclic_cpu.srcs/sources_1/new/sl2.v"/>
        <Attr Name="ImportTime" Val="1588953594"/>
        <Attr Name="UsedIn" Val="synthesis"/>
        <Attr Name="UsedIn" Val="implementation"/>
        <Attr Name="UsedIn" Val="simulation"/>
      </FileInfo>
    </File>
    <File Path="$PSRCDIR/sources_1/imports/new/top.v">
      <FileInfo>
        <Attr Name="ImportPath" Val="$PPRDIR/../../体系结构/实验1 动态分支预测/lab3_monocyclic_cpu/lab3_monocyclic_cpu.srcs/sources_1/new/top.v"/>
        <Attr Name="ImportTime" Val="1591101164"/>
        <Attr Name="UsedIn" Val="synthesis"/>
        <Attr Name="UsedIn" Val="implementation"/>
        <Attr Name="UsedIn" Val="simulation"/>
      </FileInfo>
    </File>
    <File Path="$PSRCDIR/sources_1/imports/new/pc.v">
      <FileInfo>
        <Attr Name="AutoDisabled" Val="1"/>
        <Attr Name="ImportPath" Val="$PPRDIR/../../体系结构/实验1 动态分支预测/lab2_controller/lab2_controller.srcs/sources_1/new/pc.v"/>
        <Attr Name="ImportTime" Val="1588991284"/>
        <Attr Name="UsedIn" Val="synthesis"/>
        <Attr Name="UsedIn" Val="implementation"/>
        <Attr Name="UsedIn" Val="simulation"/>
      </FileInfo>
    </File>
    <File Path="$PSRCDIR/sources_1/imports/new/divider.v">
      <FileInfo>
        <Attr Name="AutoDisabled" Val="1"/>
        <Attr Name="ImportPath" Val="$PPRDIR/../../体系结构/实验1 动态分支预测/lab3_monocyclic_cpu/lab3_monocyclic_cpu.srcs/sources_1/new/divider.v"/>
        <Attr Name="ImportTime" Val="1591104354"/>
        <Attr Name="UsedIn" Val="synthesis"/>
        <Attr Name="UsedIn" Val="implementation"/>
        <Attr Name="UsedIn" Val="simulation"/>
      </FileInfo>
    </File>
    <File Path="$PPRDIR/../../体系结构/实验1 动态分支预测/lab4_pipeline_process/mipstest.coe">
      <FileInfo>
        <Attr Name="UsedIn" Val="synthesis"/>
        <Attr Name="UsedIn" Val="simulation"/>
      </FileInfo>
    </File>
    <File Path="$PSRCDIR/sources_1/new/flopenrc.v">
      <FileInfo>
        <Attr Name="AutoDisabled" Val="1"/>
        <Attr Name="ImportPath" Val="$PPRDIR/../../体系结构/实验1 动态分支预测/lab4_pipeline_process/lab4_pipeline_process.srcs/sources_1/new/flopenrc.v"/>
        <Attr Name="ImportTime" Val="1591116682"/>
        <Attr Name="UsedIn" Val="synthesis"/>
        <Attr Name="UsedIn" Val="implementation"/>
        <Attr Name="UsedIn" Val="simulation"/>
      </FileInfo>
    </File>
    <File Path="$PPRDIR/mipstest.coe">
      <FileInfo>
        <Attr Name="UsedIn" Val="synthesis"/>
        <Attr Name="UsedIn" Val="simulation"/>
      </FileInfo>
    </File>
    <Config>
      <Option Name="DesignMode" Val="RTL"/>
      <Option Name="TopModule" Val="top"/>
      <Option Name="TopAutoSet" Val="TRUE"/>
    </Config>
  </FileSet>
  <FileSet Name="constrs_in" Type="Constrs" RelSrcDir="$PSRCDIR/constrs_1">
    <Filter Type="Constrs"/>
    <Config>
      <Option Name="ConstrsType" Val="XDC"/>
    </Config>
  </FileSet>
  <FileSet Name="utils" Type="Utils" RelSrcDir="$PSRCDIR/utils_1">
    <Filter Type="Utils"/>
    <Config>
      <Option Name="TopAutoSet" Val="TRUE"/>
    </Config>
  </FileSet>
  <Strategy Version="1" Minor="2">
    <StratHandle Name="Vivado Implementation Defaults" Flow="Vivado Implementation 2019"/>
    <Step Id="init_design"/>
    <Step Id="opt_design"/>
    <Step Id="power_opt_design"/>
    <Step Id="place_design"/>
    <Step Id="post_place_power_opt_design"/>
    <Step Id="phys_opt_design" EnableStepBool="1"/>
    <Step Id="route_design"/>
    <Step Id="post_route_phys_opt_design"/>
    <Step Id="write_bitstream"/>
  </Strategy>
  <BlockFileSet Type="BlockSrcs" Name="data_ram"/>
  <BlockFileSet Type="BlockSrcs" Name="instr_ram"/>
</GenRun>
